"Position","Resource Link","Marker Icon"
1,"https://www.foodhelpline.org/resources/clr8756se0euan7hjkb7r1fk5","https://www.foodhelpline.org/_next/static/media/pin-purple.ebbdd413.svg"
2,"https://www.foodhelpline.org/resources/clr8738fc0et6n7hjcwbzz84y","https://www.foodhelpline.org/_next/static/media/pin-purple.ebbdd413.svg"
3,"https://www.foodhelpline.org/resources/clv5cuvet09exzzxk7apql7tr","https://www.foodhelpline.org/_next/static/media/pin-purple.ebbdd413.svg"
4,"https://www.foodhelpline.org/resources/cle8t4o7y0007js0fmrb2cwot","https://www.foodhelpline.org/_next/static/media/pin-purple.ebbdd413.svg"
5,"https://www.foodhelpline.org/resources/cle8h1lge000fl20faxj8yqz7","https://www.foodhelpline.org/_next/static/media/pin-purple.ebbdd413.svg"
6,"https://www.foodhelpline.org/resources/clr87gaia0f0fn7hj4ltcyuy1","https://www.foodhelpline.org/_next/static/media/pin-purple.ebbdd413.svg"
7,"https://www.foodhelpline.org/resources/cle8mohfw000ml00fegtfri3c","https://www.foodhelpline.org/_next/static/media/pin-purple.ebbdd413.svg"
8,"https://www.foodhelpline.org/resources/cmhm5o9et10xo0dfluwaqtoj3","https://www.foodhelpline.org/_next/static/media/pin-purple.ebbdd413.svg"
9,"https://www.foodhelpline.org/resources/cmhm1doc61lxn3bcq5zhvv8j1","https://www.foodhelpline.org/_next/static/media/pin-purple.ebbdd413.svg"
10,"https://www.foodhelpline.org/resources/cm8oz94f900d44e0wl9c66dc4","https://www.foodhelpline.org/_next/static/media/pin-purple.ebbdd413.svg"
11,"https://www.foodhelpline.org/resources/clv5e8ucv0a1tzzxk5rpgxp2p","https://www.foodhelpline.org/_next/static/media/pin-purple.ebbdd413.svg"
12,"https://www.foodhelpline.org/resources/clolnwnwk1utoo20ftwsbwm56","https://www.foodhelpline.org/_next/static/media/pin-purple.ebbdd413.svg"
13,"https://www.foodhelpline.org/resources/cmhm2iy5f0zqh0dfl3o80l9a7","https://www.foodhelpline.org/_next/static/media/pin-purple.ebbdd413.svg"
14,"https://www.foodhelpline.org/resources/cmhklohdm1ca03bcq4j8unvwh","https://www.foodhelpline.org/_next/static/media/pin-purple.ebbdd413.svg"
15,"https://www.foodhelpline.org/resources/clv5ir8ic0069osnjsagx7jnc","https://www.foodhelpline.org/_next/static/media/pin-purple.ebbdd413.svg"
16,"https://www.foodhelpline.org/resources/cmhkli6qg1bq5zjec7abzbjtr","https://www.foodhelpline.org/_next/static/media/pin-purple.ebbdd413.svg"
17,"https://www.foodhelpline.org/resources/cle8chuyw001imd0fe1x5w5rx","https://www.foodhelpline.org/_next/static/media/pin-purple.ebbdd413.svg"
18,"https://www.foodhelpline.org/resources/clraxm4yb0k1gd8z84vje2smf","https://www.foodhelpline.org/_next/static/media/pin-purple.ebbdd413.svg"
19,"https://www.foodhelpline.org/resources/cmhkodzc20qi4yhea6yv2cx1v","https://www.foodhelpline.org/_next/static/media/pin-purple.ebbdd413.svg"
20,"https://www.foodhelpline.org/resources/cle7uwbrg000hld0frdwmavpr","https://www.foodhelpline.org/_next/static/media/pin-purple.ebbdd413.svg"
21,"https://www.foodhelpline.org/resources/cm3d41zsn00d111fs5xvbt3eo","https://www.foodhelpline.org/_next/static/media/pin-purple.ebbdd413.svg"
22,"https://www.foodhelpline.org/resources/cm8ozg2p9000wvy0vjth55ctv","https://www.foodhelpline.org/_next/static/media/pin-purple.ebbdd413.svg"
23,"https://www.foodhelpline.org/resources/clv5c50lo08spzzxkuxtv3pzu","https://www.foodhelpline.org/_next/static/media/pin-purple.ebbdd413.svg"
24,"https://www.foodhelpline.org/resources/cmhjjwscc08wk10csg45o9qj0","https://www.foodhelpline.org/_next/static/media/pin-purple.ebbdd413.svg"
25,"https://www.foodhelpline.org/resources/cm2awf3g4030pxtsy4x7au5as","https://www.foodhelpline.org/_next/static/media/pin-purple.ebbdd413.svg"
26,"https://www.foodhelpline.org/resources/clidf6jgu00aeo70hmfvxmzdr","https://www.foodhelpline.org/_next/static/media/pin-purple.ebbdd413.svg"
27,"https://www.foodhelpline.org/resources/cmhjin5dg0ltuylfmbiv5ppna","https://www.foodhelpline.org/_next/static/media/pin-purple.ebbdd413.svg"
28,"https://www.foodhelpline.org/resources/cle8hc1dm0000ju0ftti0wjmg","https://www.foodhelpline.org/_next/static/media/pin-purple.ebbdd413.svg"
29,"https://www.foodhelpline.org/resources/cmhc2kncp04j6zjecwj5c2zh8","https://www.foodhelpline.org/_next/static/media/pin-purple.ebbdd413.svg"
30,"https://www.foodhelpline.org/resources/cmhkjg6t10pnpyheapjw7x1vr","https://www.foodhelpline.org/_next/static/media/pin-purple.ebbdd413.svg"
31,"https://www.foodhelpline.org/resources/cmh3qu56f07fg1geoflyev4e4","https://www.foodhelpline.org/_next/static/media/pin-purple.ebbdd413.svg"
32,"https://www.foodhelpline.org/resources/cmhkmopci1dba2jcqb2wveqqh","https://www.foodhelpline.org/_next/static/media/pin-purple.ebbdd413.svg"
33,"https://www.foodhelpline.org/resources/cle9rft260004mf0f4336tqis","https://www.foodhelpline.org/_next/static/media/pin-purple.ebbdd413.svg"
34,"https://www.foodhelpline.org/resources/cmhjhfgnw17s83bcq6o0yo5hp","https://www.foodhelpline.org/_next/static/media/pin-purple.ebbdd413.svg"
35,"https://www.foodhelpline.org/resources/clg8f99s50000mn0f0l02eq35","https://www.foodhelpline.org/_next/static/media/pin-purple.ebbdd413.svg"
36,"https://www.foodhelpline.org/resources/cmhm4glx51mdzzjecwy3ya8wx","https://www.foodhelpline.org/_next/static/media/pin-purple.ebbdd413.svg"
37,"https://www.foodhelpline.org/resources/clk79hwt100i2qw0hawh3xm37","https://www.foodhelpline.org/_next/static/media/pin-purple.ebbdd413.svg"
38,"https://www.foodhelpline.org/resources/cmhkokvnt0qg41geaqmzyrxzf","https://www.foodhelpline.org/_next/static/media/pin-purple.ebbdd413.svg"
39,"https://www.foodhelpline.org/resources/cmhm3slp41nk72jcqlkmxfrfv","https://www.foodhelpline.org/_next/static/media/pin-purple.ebbdd413.svg"
40,"https://www.foodhelpline.org/resources/cle9fzizl001rl60fgnfr619v","https://www.foodhelpline.org/_next/static/media/pin-purple.ebbdd413.svg"
41,"https://www.foodhelpline.org/resources/clr7yqsih08xdn7hj9ug8b3po","https://www.foodhelpline.org/_next/static/media/pin-purple.ebbdd413.svg"
42,"https://www.foodhelpline.org/resources/cm42k9ib7001apzgtmjk4sdyz","https://www.foodhelpline.org/_next/static/media/pin-purple.ebbdd413.svg"
43,"https://www.foodhelpline.org/resources/clr7z2tyc09a2n7hjvx3grbs2","https://www.foodhelpline.org/_next/static/media/pin-purple.ebbdd413.svg"
44,"https://www.foodhelpline.org/resources/cmhkji0pn1bhuzjec2c74eg28","https://www.foodhelpline.org/_next/static/media/pin-purple.ebbdd413.svg"
45,"https://www.foodhelpline.org/resources/clg8f137n0002l20fyts8u869","https://www.foodhelpline.org/_next/static/media/pin-purple.ebbdd413.svg"
46,"https://www.foodhelpline.org/resources/clg8e2kp70002li0fvfervh3u","https://www.foodhelpline.org/_next/static/media/pin-purple.ebbdd413.svg"
47,"https://www.foodhelpline.org/resources/cmhkkg0u71c353bcq5m7uaaw1","https://www.foodhelpline.org/_next/static/media/pin-purple.ebbdd413.svg"
48,"https://www.foodhelpline.org/resources/cmi3hz5xe0swr04e8cfwcxlk5","https://www.foodhelpline.org/_next/static/media/pin-purple.ebbdd413.svg"
49,"https://www.foodhelpline.org/resources/cmhc3b0km04s7x5e9cb5277od","https://www.foodhelpline.org/_next/static/media/pin-purple.ebbdd413.svg"
50,"https://www.foodhelpline.org/resources/cmhc49r240575zjec9rkbpp2m","https://www.foodhelpline.org/_next/static/media/pin-purple.ebbdd413.svg"
51,"https://www.foodhelpline.org/resources/cmhc3nb5f04uzz3e8de7go6xo","https://www.foodhelpline.org/_next/static/media/pin-purple.ebbdd413.svg"
52,"https://www.foodhelpline.org/resources/cmhc3jghb05qjxccl5s7vph2b","https://www.foodhelpline.org/_next/static/media/pin-purple.ebbdd413.svg"
53,"https://www.foodhelpline.org/resources/clr7yliza08m7n7hjdckqo5l5","https://www.foodhelpline.org/_next/static/media/pin-purple.ebbdd413.svg"
54,"https://www.foodhelpline.org/resources/clr7zdfz409hgn7hjs5cr03e5","https://www.foodhelpline.org/_next/static/media/pin-purple.ebbdd413.svg"
55,"https://www.foodhelpline.org/resources/cm42c3rvv00o4c05qwhf16yoe","https://www.foodhelpline.org/_next/static/media/pin-purple.ebbdd413.svg"
56,"https://www.foodhelpline.org/resources/clr7yny2n08qvn7hjwv83ddt3","https://www.foodhelpline.org/_next/static/media/pin-purple.ebbdd413.svg"
57,"https://www.foodhelpline.org/resources/clr7zg7o809i1n7hjmjipsxqm","https://www.foodhelpline.org/_next/static/media/pin-purple.ebbdd413.svg"
58,"https://www.foodhelpline.org/resources/cmhm300nt0ztz1geal5p6xq1e","https://www.foodhelpline.org/_next/static/media/pin-purple.ebbdd413.svg"
59,"https://www.foodhelpline.org/resources/cmhknq6qh0d9810csvgrbxuxv","https://www.foodhelpline.org/_next/static/media/pin-purple.ebbdd413.svg"
60,"https://www.foodhelpline.org/resources/clr7zjtki09k3n7hjxyhhrs1e","https://www.foodhelpline.org/_next/static/media/pin-purple.ebbdd413.svg"
61,"https://www.foodhelpline.org/resources/cle8go72b000gm90f2ez6gofy","https://www.foodhelpline.org/_next/static/media/pin-purple.ebbdd413.svg"
62,"https://www.foodhelpline.org/resources/cm42ed7cz017e10wyiyy1es8q","https://www.foodhelpline.org/_next/static/media/pin-purple.ebbdd413.svg"
63,"https://www.foodhelpline.org/resources/cmh9eqbsn06tx24flyaaeqi9k","https://www.foodhelpline.org/_next/static/media/pin-purple.ebbdd413.svg"
64,"https://www.foodhelpline.org/resources/cle8m0d9g0006l20f65al4ntu","https://www.foodhelpline.org/_next/static/media/pin-purple.ebbdd413.svg"
65,"https://www.foodhelpline.org/resources/cle7yqbny0000lb0fp4akjler","https://www.foodhelpline.org/_next/static/media/pin-purple.ebbdd413.svg"
66,"https://www.foodhelpline.org/resources/cle9j0vcq001sjv0fcbcz4ey8","https://www.foodhelpline.org/_next/static/media/pin-purple.ebbdd413.svg"
67,"https://www.foodhelpline.org/resources/clr81ts3z0bccn7hjycvsxhgy","https://www.foodhelpline.org/_next/static/media/pin-purple.ebbdd413.svg"
68,"https://www.foodhelpline.org/resources/clzbc1kpw0f72hnv4t6qql63w","https://www.foodhelpline.org/_next/static/media/pin-purple.ebbdd413.svg"
69,"https://www.foodhelpline.org/resources/clidf2i7o008xqm0hfjg8jr75","https://www.foodhelpline.org/_next/static/media/pin-purple.ebbdd413.svg"
70,"https://www.foodhelpline.org/resources/cle7wy5ui0002mi0fzue456h2","https://www.foodhelpline.org/_next/static/media/pin-purple.ebbdd413.svg"
71,"https://www.foodhelpline.org/resources/cmhjjixkl198l2jcqaavsn4x2","https://www.foodhelpline.org/_next/static/media/pin-purple.ebbdd413.svg"
72,"https://www.foodhelpline.org/resources/clr7yhbpe08ihn7hjaxyfdpdj","https://www.foodhelpline.org/_next/static/media/pin-purple.ebbdd413.svg"
73,"https://www.foodhelpline.org/resources/cle9g3qzt0000l20fie736qst","https://www.foodhelpline.org/_next/static/media/pin-purple.ebbdd413.svg"
74,"https://www.foodhelpline.org/resources/cmhc1py3l04m1yne88kr5moqb","https://www.foodhelpline.org/_next/static/media/pin-purple.ebbdd413.svg"
75,"https://www.foodhelpline.org/resources/cmhbzhmng03uq1ieadaeayt2r","https://www.foodhelpline.org/_next/static/media/pin-purple.ebbdd413.svg"
76,"https://www.foodhelpline.org/resources/clravo4pb0iyxd8z815935mlv","https://www.foodhelpline.org/_next/static/media/pin-purple.ebbdd413.svg"
77,"https://www.foodhelpline.org/resources/cmh9bltmk0pjoyme9an4tf2kx","https://www.foodhelpline.org/_next/static/media/pin-purple.ebbdd413.svg"
78,"https://www.foodhelpline.org/resources/cle9rerp20000l80fo1g1ujx9","https://www.foodhelpline.org/_next/static/media/pin-purple.ebbdd413.svg"
79,"https://www.foodhelpline.org/resources/clxdbh3pb08sb12wh3ku0p85g","https://www.foodhelpline.org/_next/static/media/pin-red.1b5b2b7b.svg"
80,"https://www.foodhelpline.org/resources/cle8t8m8x0000mn0frysts8ll","https://www.foodhelpline.org/_next/static/media/pin-purple.ebbdd413.svg"
81,"https://www.foodhelpline.org/resources/clxoyvres02v2r91gf1j5lhho","https://www.foodhelpline.org/_next/static/media/pin-purple.ebbdd413.svg"
82,"https://www.foodhelpline.org/resources/cm5sza8nj03rpwb0vc3s1aam7","https://www.foodhelpline.org/_next/static/media/pin-purple.ebbdd413.svg"
83,"https://www.foodhelpline.org/resources/cmh9bjyal063k06fku4l428q2","https://www.foodhelpline.org/_next/static/media/pin-purple.ebbdd413.svg"
84,"https://www.foodhelpline.org/resources/cm42eksr4000zfd8t0lrf92ff","https://www.foodhelpline.org/_next/static/media/pin-purple.ebbdd413.svg"
85,"https://www.foodhelpline.org/resources/cm42dmrzn017gso63kdzb7z6v","https://www.foodhelpline.org/_next/static/media/pin-purple.ebbdd413.svg"
86,"https://www.foodhelpline.org/resources/cmhkj72rz1bz83bcqvlpb7gxf","https://www.foodhelpline.org/_next/static/media/pin-purple.ebbdd413.svg"
87,"https://www.foodhelpline.org/resources/clxozss1b03hur91galb4asih","https://www.foodhelpline.org/_next/static/media/pin-purple.ebbdd413.svg"
88,"https://www.foodhelpline.org/resources/cm42d6r7w01484exuf27zzn14","https://www.foodhelpline.org/_next/static/media/pin-purple.ebbdd413.svg"
89,"https://www.foodhelpline.org/resources/cmhkq8jyx1dar3bcq2rkmsbia","https://www.foodhelpline.org/_next/static/media/pin-purple.ebbdd413.svg"
90,"https://www.foodhelpline.org/resources/cle9jhcos002ml20ff7djptex","https://www.foodhelpline.org/_next/static/media/pin-purple.ebbdd413.svg"
91,"https://www.foodhelpline.org/resources/cmhkk1dfs0cim10cshu0ql9d2","https://www.foodhelpline.org/_next/static/media/pin-purple.ebbdd413.svg"
92,"https://www.foodhelpline.org/resources/cmh3whery08rt1geo9ruws98r","https://www.foodhelpline.org/_next/static/media/pin-purple.ebbdd413.svg"
93,"https://www.foodhelpline.org/resources/cm3ng94ii023jh673wrc75pbr","https://www.foodhelpline.org/_next/static/media/pin-purple.ebbdd413.svg"
94,"https://www.foodhelpline.org/resources/clr7yepdt08fkn7hjqhxbpaey","https://www.foodhelpline.org/_next/static/media/pin-purple.ebbdd413.svg"
95,"https://www.foodhelpline.org/resources/cmi3gvwwc1asot5ebzy4gup4u","https://www.foodhelpline.org/_next/static/media/pin-purple.ebbdd413.svg"
96,"https://www.foodhelpline.org/resources/cmi3kr38c0lyf03cx9k6kzb43","https://www.foodhelpline.org/_next/static/media/pin-purple.ebbdd413.svg"
97,"https://www.foodhelpline.org/resources/cmh9ayy4g0pfjyme9lzgrfxvb","https://www.foodhelpline.org/_next/static/media/pin-purple.ebbdd413.svg"
98,"https://www.foodhelpline.org/resources/clr7v3ef306agn7hjjmyujwdl","https://www.foodhelpline.org/_next/static/media/pin-purple.ebbdd413.svg"
99,"https://www.foodhelpline.org/resources/cm42cukwq003h5co6o8orvveg","https://www.foodhelpline.org/_next/static/media/pin-purple.ebbdd413.svg"
100,"https://www.foodhelpline.org/resources/cmav9n3xw00xs0w0vz3lz6rra","https://www.foodhelpline.org/_next/static/media/pin-purple.ebbdd413.svg"
